"relative_path","size_bytes","last_write","sha256","copied_to_git"
"mem_test.xml","13478","2026-07-13 21:24:54","95737324033E0B99316A26637FDF1C5BD99B89426FB6A1B69A329816739A8B1C","True"
"mem_test.peri.xml","90563","2026-05-03 19:20:38","507D0ABC16A8AB076C06D0550303760FF15897388233DACD8161AD000E2B0768","True"
"constrain.sdc","56047","2026-02-18 10:52:46","7224DE3FFCC6B05A82DDDD27792CF2DC245DCFA254E324D07A796E534CBDDD87","True"
"src/top.v","64788","2026-07-13 21:12:05","7F6537C5F9544709E66997B685361BC81D25236A6C6C6A166711A8BD4CA0828D","True"
"outflow/mem_test.bit","12418911","2026-07-13 21:24:50","A99F14AB8922783C51A71953288F9A25DE1C70DC3E3962F5508BBF53EF75057C","False"
"outflow/mem_test.map.rpt","984882","2026-07-13 21:22:06","FE3665A8A547BD7C6A37290CCBA0FFA52C554297F6A5B5E98562CFFAA39ED731","False"
"outflow/mem_test.timing.rpt","2682402","2026-07-13 21:24:32","54DE2D5C882C4E9246B48E42D2F47754B438BF8427AD129FBCB97E4726C73BFA","False"
"outflow/mem_test.cdc.rpt","296","2026-07-13 21:24:32","0C4DEDEF53C5E37AAFB83940864046F70ABA77E0AFBCF0A11B815C7982637031","False"
"outflow/mem_test.pgm.out","2347","2026-07-13 21:24:54","BBBA6CB915DAF29CBE56F15DB3AFA69D8D6816D7B9C1E6C745709ECAC8D8A4D1","False"
