"relative_path","repo_sha256","d_drive_sha256","action"
"constrain.sdc","7224DE3FFCC6B05A82DDDD27792CF2DC245DCFA254E324D07A796E534CBDDD87","7224DE3FFCC6B05A82DDDD27792CF2DC245DCFA254E324D07A796E534CBDDD87","NO_OP_MATCH"
"debug_profile.wizard.json","AB643BABC7378511256B873F92D0363FCB66F704C460EF6BC45340E1E6E230E4","AB643BABC7378511256B873F92D0363FCB66F704C460EF6BC45340E1E6E230E4","NO_OP_MATCH"
"debug_TEMPLATE.v","8820464A4A6A9F24C0801DA4182F008A1748A591C923F5FC64C31496B514FB81","8820464A4A6A9F24C0801DA4182F008A1748A591C923F5FC64C31496B514FB81","NO_OP_MATCH"
"debug_top.v","CF0300F8A98B8558FB17D5937D541CB745A8DCC9584A8F3DA05C40BDB2F5D304","CF0300F8A98B8558FB17D5937D541CB745A8DCC9584A8F3DA05C40BDB2F5D304","NO_OP_MATCH"
"ip/csi_rx_controller/csi_rx_controller.sv","D9F4B0E42DD04E69A401A25CD09932F596604C6DBD7970E301CDA4663D9082F8","D9F4B0E42DD04E69A401A25CD09932F596604C6DBD7970E301CDA4663D9082F8","NO_OP_MATCH"
"ip/csi_rx_controller/csi_rx_controller_define.svh","3ED47611FEB9E41D9B4FAE8224F309AA92DB3CA8E902FB6A717C92D40CFCA784","3ED47611FEB9E41D9B4FAE8224F309AA92DB3CA8E902FB6A717C92D40CFCA784","NO_OP_MATCH"
"ip/csi_rx_controller/csi_rx_controller_define.vh","149C14940BE1B2BB5F21F7475358E57481BF8BBB4D35929DE1F01E9B8B304FC1","149C14940BE1B2BB5F21F7475358E57481BF8BBB4D35929DE1F01E9B8B304FC1","NO_OP_MATCH"
"ip/csi_rx_controller/csi_rx_controller_tmpl.sv","19C14DD9B0BCD85D315F5099D753FC5DF146BB50D560099D863B6B70491310F7","19C14DD9B0BCD85D315F5099D753FC5DF146BB50D560099D863B6B70491310F7","NO_OP_MATCH"
"ip/csi_rx_controller/csi_rx_controller_tmpl.vhd","7060C0533F25A221D2A2F2D1F9637535F6D88F3D92BC742E1EDF1DCAAD80A27E","7060C0533F25A221D2A2F2D1F9637535F6D88F3D92BC742E1EDF1DCAAD80A27E","NO_OP_MATCH"
"ip/csi_rx_controller/settings.json","A168869D31E90D83873249CFB2B91EC77DAF2FF3B896583A4D41C6233C202D87","A168869D31E90D83873249CFB2B91EC77DAF2FF3B896583A4D41C6233C202D87","NO_OP_MATCH"
"ip/dsi_tx/dsi_tx.sv","2600A15C8DC783077ECB000B72C2FBB17BD2A47C6E72191E4D8781702042CC6C","2600A15C8DC783077ECB000B72C2FBB17BD2A47C6E72191E4D8781702042CC6C","NO_OP_MATCH"
"ip/dsi_tx/dsi_tx_define.svh","E014DDE4AE259E706847EA163573220373C9C3A5C0C58549257E89E87426BFB0","E014DDE4AE259E706847EA163573220373C9C3A5C0C58549257E89E87426BFB0","NO_OP_MATCH"
"ip/dsi_tx/dsi_tx_define.vh","F24BF85C429CE6B48DA786924C16E52CFBDA9F8910BFF58E135617CCF6404688","F24BF85C429CE6B48DA786924C16E52CFBDA9F8910BFF58E135617CCF6404688","NO_OP_MATCH"
"ip/dsi_tx/dsi_tx_tmpl.sv","01BF380F825349D966C5AEFD4135589E13A4D238AA28354C76811FEE599AB3AD","01BF380F825349D966C5AEFD4135589E13A4D238AA28354C76811FEE599AB3AD","NO_OP_MATCH"
"ip/dsi_tx/dsi_tx_tmpl.vhd","4118182E46C1EF1ADC1A2E064166D2305632BEBA3615A7573880BDE2F9BFC5B1","4118182E46C1EF1ADC1A2E064166D2305632BEBA3615A7573880BDE2F9BFC5B1","NO_OP_MATCH"
"ip/dsi_tx/settings.json","3D5583067A0CB6E6B089278A83B0495BEA9590E39565F44DC240E10D9AC66943","3D5583067A0CB6E6B089278A83B0495BEA9590E39565F44DC240E10D9AC66943","NO_OP_MATCH"
"mem_test.peri.xml","507D0ABC16A8AB076C06D0550303760FF15897388233DACD8161AD000E2B0768","507D0ABC16A8AB076C06D0550303760FF15897388233DACD8161AD000E2B0768","NO_OP_MATCH"
"mem_test.xml","95737324033E0B99316A26637FDF1C5BD99B89426FB6A1B69A329816739A8B1C","95737324033E0B99316A26637FDF1C5BD99B89426FB6A1B69A329816739A8B1C","NO_OP_MATCH"
"src/axi_interconnect/rtl/arbiter.v","56DB8817E74532A0D2CE56BA9FEE653736745AA121FF48296DBF583CDD3479C1","56DB8817E74532A0D2CE56BA9FEE653736745AA121FF48296DBF583CDD3479C1","NO_OP_MATCH"
"src/axi_interconnect/rtl/axi_interconnect.v","CFE1802D17B790D8E05479AE7D87AC89972C6E4D99F2BE4474A86A11AAB6C425","CFE1802D17B790D8E05479AE7D87AC89972C6E4D99F2BE4474A86A11AAB6C425","NO_OP_MATCH"
"src/axi_interconnect/rtl/priority_encoder.v","7FFDC596ACBABDD77F96CB82AC47EE799675BFBFEF2DC64A2B8D2D132E6B5E1F","7FFDC596ACBABDD77F96CB82AC47EE799675BFBFEF2DC64A2B8D2D132E6B5E1F","NO_OP_MATCH"
"src/axi_mux/Axi_Mux.v","642DB7D20A345172C335649458E949CB43C31706655D7A69ADD2F1C1F5EDF0EE","642DB7D20A345172C335649458E949CB43C31706655D7A69ADD2F1C1F5EDF0EE","NO_OP_MATCH"
"src/axi_mux/Axi_Mux_Param.vh","FD7B293AD5E0CC71CF1A8A741F74361DC3455A4A56C4B59D943055D975716E5B","FD7B293AD5E0CC71CF1A8A741F74361DC3455A4A56C4B59D943055D975716E5B","NO_OP_MATCH"
"src/contract_bright/Contrast_Adj.v","506BCDF90755396CFCB0C182D05585A863297F7318887B13DE64CED50CC7FFA8","506BCDF90755396CFCB0C182D05585A863297F7318887B13DE64CED50CC7FFA8","NO_OP_MATCH"
"src/contract_bright/contrast_bright_top.v","F1692EE1DA18BD2F9108862A1942CED9E8259F5AD5CABB11622A9D8C2644B405","F1692EE1DA18BD2F9108862A1942CED9E8259F5AD5CABB11622A9D8C2644B405","NO_OP_MATCH"
"src/contract_bright/Reciprocal.v","3C5EE07BB92580B14D0AD5248393A6AB10931A0A4543CC587A6B2987802658B1","3C5EE07BB92580B14D0AD5248393A6AB10931A0A4543CC587A6B2987802658B1","NO_OP_MATCH"
"src/debayer/debayer_top_2to1.v","51D68128153104DCEC1FFA1EBDE35B53A141DCBD4DA478F0D7049E6B92D021C2","51D68128153104DCEC1FFA1EBDE35B53A141DCBD4DA478F0D7049E6B92D021C2","NO_OP_MATCH"
"src/debayer/line_buffer.v","49A7BB3503F7D474F5DFAC17222588703464A6CA5D6EC4098A13202AEE1A041C","49A7BB3503F7D474F5DFAC17222588703464A6CA5D6EC4098A13202AEE1A041C","NO_OP_MATCH"
"src/debayer/raw_to_rgb.v","F58EAE1405ED86DD747D1E52E03FBA1D08213307FD70435D3311EDBC37A4CCEF","F58EAE1405ED86DD747D1E52E03FBA1D08213307FD70435D3311EDBC37A4CCEF","NO_OP_MATCH"
"src/debayer/rgb_gain.v","3E777094CCA542E3A84A0E5090E0C4C532CD73CF35C99AEA6FA44EFF173BAF79","3E777094CCA542E3A84A0E5090E0C4C532CD73CF35C99AEA6FA44EFF173BAF79","NO_OP_MATCH"
"src/dvi_tx/dvi_encoder.v","FD82889AC3B607A68C960170893D1AFD78DCC7BCC194695E6B0FB3F2AB7822D3","FD82889AC3B607A68C960170893D1AFD78DCC7BCC194695E6B0FB3F2AB7822D3","NO_OP_MATCH"
"src/dvi_tx/encode.v","1CE86CFE0D112C5DE3C022366E4E8A060F27DFC3B303E6429CB93F386FBEDC6A","1CE86CFE0D112C5DE3C022366E4E8A060F27DFC3B303E6429CB93F386FBEDC6A","NO_OP_MATCH"
"src/dvi_tx/hdmi_top.v","5F808A3308483D77E86AEF17FF267420B45D23BBBE5707B90B3747B6A0E16C2E","5F808A3308483D77E86AEF17FF267420B45D23BBBE5707B90B3747B6A0E16C2E","NO_OP_MATCH"
"src/framebuffer/bank_switch.v","3689AF89A44477CA4AB95B38CC994A61D57C44B6951C349B26C56BEF9656EEC4","3689AF89A44477CA4AB95B38CC994A61D57C44B6951C349B26C56BEF9656EEC4","NO_OP_MATCH"
"src/framebuffer/color_bar_checker.v","1FB4F63C8D76DAA9FA764AED75610EBBC77B2732BA070247823399B070290F6E","1FB4F63C8D76DAA9FA764AED75610EBBC77B2732BA070247823399B070290F6E","NO_OP_MATCH"
"src/framebuffer/data_tx.v","9FBF68C25D64DFD527EE0CB06DC6D6C9332365231A3925E9F3A9CA03369D9C70","9FBF68C25D64DFD527EE0CB06DC6D6C9332365231A3925E9F3A9CA03369D9C70","NO_OP_MATCH"
"src/framebuffer/ddr_buffer.v","7AA0231E1C83B645BD2F5CA9BCD7EAF9F053651A06E94CA1FD2B64AF29E82BCD","7AA0231E1C83B645BD2F5CA9BCD7EAF9F053651A06E94CA1FD2B64AF29E82BCD","NO_OP_MATCH"
"src/framebuffer/ddr_rd_buffer.v","D116A9D867D2D64684E589CF2CD25A00496D64711270518667D93912D237AA50","D116A9D867D2D64684E589CF2CD25A00496D64711270518667D93912D237AA50","NO_OP_MATCH"
"src/framebuffer/ddr_wr_buffer.v","ABEA1622B72DBF43CE3F1F037655CEEC2D3A4797DADEC65BC1666BEFE877A03E","ABEA1622B72DBF43CE3F1F037655CEEC2D3A4797DADEC65BC1666BEFE877A03E","NO_OP_MATCH"
"src/framebuffer/elt_dcfifo_v10.v","623ED351635080F54A556DF710D1F81F02A790AAE0F1B3B84BB3E14A633DF532","623ED351635080F54A556DF710D1F81F02A790AAE0F1B3B84BB3E14A633DF532","NO_OP_MATCH"
"src/framebuffer/fifo_d512t128.v","DC0E0C33B9F5C5E7A1DE27AA63CAF715C1EF3EFFD769CE4C7BA8A7592C9D9E17","DC0E0C33B9F5C5E7A1DE27AA63CAF715C1EF3EFFD769CE4C7BA8A7592C9D9E17","NO_OP_MATCH"
"src/framebuffer/frame_buffer.v","C5BC80D22F721A03168FFD14B625F1D4B49F1DE2E25E03DAC9B2E20383E740A6","C5BC80D22F721A03168FFD14B625F1D4B49F1DE2E25E03DAC9B2E20383E740A6","NO_OP_MATCH"
"src/framebuffer/frame_info_det.v","BFC24B363E28F18807D5CF3967E4CBC6935A3FFB8327C14FB35685318C2A7766","BFC24B363E28F18807D5CF3967E4CBC6935A3FFB8327C14FB35685318C2A7766","NO_OP_MATCH"
"src/framebuffer/par2ser_512t128.v","379A74DF4B19A41227ECD6B2A35EC834D636896A9E7AA807537AEDDE3076F8E7","379A74DF4B19A41227ECD6B2A35EC834D636896A9E7AA807537AEDDE3076F8E7","NO_OP_MATCH"
"src/framebuffer/par2ser_parse.v","FFBF5C72CC97149BAE71DA3B3940B9FF7625958E62FD9FCC2FF474DF38D5FCE0","FFBF5C72CC97149BAE71DA3B3940B9FF7625958E62FD9FCC2FF474DF38D5FCE0","NO_OP_MATCH"
"src/framebuffer/rst_n_piple.v","CCC9D259BCC9028EBC7491746D3F0431B71D963D988C39BC0E9DD0122E55A05A","CCC9D259BCC9028EBC7491746D3F0431B71D963D988C39BC0E9DD0122E55A05A","NO_OP_MATCH"
"src/framebuffer/ser2par.v","6A141621A7C34B372A558D8E95C80CC4F75C9ACC99415E060A4F67E4E126F9A4","6A141621A7C34B372A558D8E95C80CC4F75C9ACC99415E060A4F67E4E126F9A4","NO_OP_MATCH"
"src/framebuffer/ser2par_24_128_v1.v","4B670F94B91A112C49AAAEC3727763C3CDDA3B53B73774022CA801078D3F7FD4","4B670F94B91A112C49AAAEC3727763C3CDDA3B53B73774022CA801078D3F7FD4","NO_OP_MATCH"
"src/framebuffer/vid_par2ser.v","ABA8E1DE73325D08A5F9620B859314E884FEBE74581E508CD42E45C3FD03B0F2","ABA8E1DE73325D08A5F9620B859314E884FEBE74581E508CD42E45C3FD03B0F2","NO_OP_MATCH"
"src/framebuffer/vid_rx_align_v1.v","9CE3FA38B0580A2A84ABD40370CBB905978B907582F38F0FEF4EF50684815411","9CE3FA38B0580A2A84ABD40370CBB905978B907582F38F0FEF4EF50684815411","NO_OP_MATCH"
"src/mipi_csi/cam_i2c_ctrl/i2c/i2c_16addr_8data.v","BE10A8B4C0F8735F91F7EBC5BF7BB2155FF0AAF77C1BC020DCA55FF38C6B7344","BE10A8B4C0F8735F91F7EBC5BF7BB2155FF0AAF77C1BC020DCA55FF38C6B7344","NO_OP_MATCH"
"src/mipi_csi/cam_i2c_ctrl/i2c/i2c_8addr_8data.v","15C787D98CB272A155584941841C55DBB4A489A009CE79BC589C9CAB5E913159","15C787D98CB272A155584941841C55DBB4A489A009CE79BC589C9CAB5E913159","NO_OP_MATCH"
"src/mipi_csi/cam_i2c_ctrl/i2c/i2c_master_ctrl_top.v","FACC87B16657874BEDA8F1051649970A1C8A78E52F0224726904F30C1CFAD21F","FACC87B16657874BEDA8F1051649970A1C8A78E52F0224726904F30C1CFAD21F","NO_OP_MATCH"
"src/mipi_csi/cam_i2c_ctrl/i2c/i2c_master_reg_rom.v","DA82D962F02D3E585C97BF81EA057A9E0E9766915449960F98EF6C903B695928","DA82D962F02D3E585C97BF81EA057A9E0E9766915449960F98EF6C903B695928","NO_OP_MATCH"
"src/mipi_csi/cam_i2c_ctrl/i2c/i2c_master_reg_set.v","8BB2F5E862A606097F312BB90C2A501FC5F29E8A21737FFCD0A4AB62D90101EA","8BB2F5E862A606097F312BB90C2A501FC5F29E8A21737FFCD0A4AB62D90101EA","NO_OP_MATCH"
"src/mipi_csi/cam_i2c_ctrl/i2c_master/i2c_master_bit_ctrl.v","2DF1F5D522725EA216385829A4DEC38FDD616E4979AAA0AEF7053AC34BF8AC8C","2DF1F5D522725EA216385829A4DEC38FDD616E4979AAA0AEF7053AC34BF8AC8C","NO_OP_MATCH"
"src/mipi_csi/cam_i2c_ctrl/i2c_master/i2c_master_byte_ctrl.v","442159006425FA36A946F67AFC62391F9F80142AAD379A640118A28CE67C9F80","442159006425FA36A946F67AFC62391F9F80142AAD379A640118A28CE67C9F80","NO_OP_MATCH"
"src/mipi_csi/cam_i2c_ctrl/i2c_master/i2c_master_defines.v","B6DCF92C66C3DC80192206621E732F0474709579662EE09943E48DB0077F302E","B6DCF92C66C3DC80192206621E732F0474709579662EE09943E48DB0077F302E","NO_OP_MATCH"
"src/mipi_csi/cam_i2c_ctrl/i2c_master/i2c_master_top.v","BF5DD12F2BF30DBC46A1D4CF1D3D1ACCC05106E14CA1CECF467FD09B46CD45C8","BF5DD12F2BF30DBC46A1D4CF1D3D1ACCC05106E14CA1CECF467FD09B46CD45C8","NO_OP_MATCH"
"src/mipi_csi/cam_i2c_ctrl/i2c_master/oc_i2c_master.v","DDE241966DD153F0F65EB711D6C0B00B9DFC806A733C5F2BF5FF6255BC54AD29","DDE241966DD153F0F65EB711D6C0B00B9DFC806A733C5F2BF5FF6255BC54AD29","NO_OP_MATCH"
"src/mipi_csi/cam_i2c_ctrl/i2c_master/timescale.v","D98DD66323E809EE4BC88896063327802CA13241B5742A5E25DB17DB17A40A4C","D98DD66323E809EE4BC88896063327802CA13241B5742A5E25DB17DB17A40A4C","NO_OP_MATCH"
"src/mipi_csi/mipi_csi_top.sv","C0470F5D09902C356741D3E2FED049A53FE2EEFAD25A235A22D95991FB1D149F","C0470F5D09902C356741D3E2FED049A53FE2EEFAD25A235A22D95991FB1D149F","NO_OP_MATCH"
"src/mipi_csi/soft_mipi_rx_top.v","B7D8DD592F24B15F55DE5D6EDCA34A109B0E45F631F1A8E9AC58A5DA94BFC038","B7D8DD592F24B15F55DE5D6EDCA34A109B0E45F631F1A8E9AC58A5DA94BFC038","NO_OP_MATCH"
"src/mipi_dsi/dsi_tx_top.v","6385FD5A560FFA0CC56AF8C32C8F0A2679020749EECC43EBCB386AF87E4AD3E4","6385FD5A560FFA0CC56AF8C32C8F0A2679020749EECC43EBCB386AF87E4AD3E4","NO_OP_MATCH"
"src/mipi_dsi/Panel_1080p_reg.mem","1B192B20B57BDA019D39B24126789C582AE5DA0B9DF5395152854A8C2C4576B7","1B192B20B57BDA019D39B24126789C582AE5DA0B9DF5395152854A8C2C4576B7","NO_OP_MATCH"
"src/mipi_dsi/panel_config.v","0ACE50197BBE255F3FB6584816571A58330DABDEB3548FDF6F2B86C1242D2AE2","0ACE50197BBE255F3FB6584816571A58330DABDEB3548FDF6F2B86C1242D2AE2","NO_OP_MATCH"
"src/mipi_dsi/reset_ctrl.v","677D41AA581879F54558064ED59E7FCEC38D5AD19D13FE2AAA3E24040CB7E555","677D41AA581879F54558064ED59E7FCEC38D5AD19D13FE2AAA3E24040CB7E555","NO_OP_MATCH"
"src/mipi_dsi/true_dual_port_ram.v","B0E1BE82204D5526F5C718D7483B755D6B257CFF253BDEDDC6BC52480FDB4E3A","B0E1BE82204D5526F5C718D7483B755D6B257CFF253BDEDDC6BC52480FDB4E3A","NO_OP_MATCH"
"src/top.v","7F6537C5F9544709E66997B685361BC81D25236A6C6C6A166711A8BD4CA0828D","7F6537C5F9544709E66997B685361BC81D25236A6C6C6A166711A8BD4CA0828D","NO_OP_MATCH"
"src/uvc_src/color_bar_v3.0/color_bar_rgb.v","90797FCC45DAB752C01F4E05E09290DDA160A84D467AB7D2808E1D63793460A4","90797FCC45DAB752C01F4E05E09290DDA160A84D467AB7D2808E1D63793460A4","NO_OP_MATCH"
"src/uvc_src/uvc_top.v","8EDC0C026BBC2C9CBBBD810B5B6F75D302F6801AE593195A30F7AE27E523FEDA","8EDC0C026BBC2C9CBBBD810B5B6F75D302F6801AE593195A30F7AE27E523FEDA","NO_OP_MATCH"
"src/uvc_src/white_balance.v","BC84655C198CADB948F94B5125D6ED5AA35AD5C0006017E74FF921B62D20F507","BC84655C198CADB948F94B5125D6ED5AA35AD5C0006017E74FF921B62D20F507","NO_OP_MATCH"
"src/uvc_src/yuv_2rgb/rgb2yuv_yuv2rgb_v1.0/rgb_to_ycbcr.v","44854044AEBA347DE8FC2AB8259D25AEE433DBE402F95D201BE210A2926A31BD","44854044AEBA347DE8FC2AB8259D25AEE433DBE402F95D201BE210A2926A31BD","NO_OP_MATCH"
"src/uvc_src/yuv_2rgb/yuv444_yuv422.v","1F65CAD83184C317CD91987430FB5B88948FFB5B10499167E35F8C87C102F2D2","1F65CAD83184C317CD91987430FB5B88948FFB5B10499167E35F8C87C102F2D2","NO_OP_MATCH"
"src/vid_info_det_v7.v","EC5D78C3B668AC516397F2687EA6EA762C77FCE1181EAD1345E4D376D2293E5D","EC5D78C3B668AC516397F2687EA6EA762C77FCE1181EAD1345E4D376D2293E5D","NO_OP_MATCH"
